{
  "within_var_high": 0.013341587968170643,
  "between_var_high": 0.2918711006641388,
  "within_var_low": 0.015971096232533455,
  "separation_score_high": 21.87677228473399,
  "num_styles": 5
}