{
  "kl_low_per_dim": [
    0.6739729046821594,
    0.6921825408935547,
    3.5885543823242188,
    0.5518252849578857,
    0.6138345003128052,
    0.6403157114982605,
    0.6059311032295227,
    0.7021153569221497,
    0.5943940877914429,
    0.5929656028747559,
    0.5649186372756958,
    0.5538977980613708
  ],
  "kl_high_per_dim": [
    0.002742237178608775,
    0.0047526913695037365,
    2.9143009185791016,
    0.005332586355507374
  ],
  "collapsed_low_idx": [],
  "collapsed_high_idx": [
    0,
    1,
    3
  ],
  "threshold": 0.01
}